user_input,reference_contexts,reference,persona_name,query_style,query_length,synthesizer_name
What actions has President Biden taken regarding the development and use of AI to ensure safety and reliability?,"['1. 정책/법제 2. 기업/산업 3. 기술/연구 4. 인력/교육\n 미국, 안전하고 신뢰할 수 있는 AI 개발과 사용에 관한 행정명령 발표\n KEY Contents\nn 미국 바이든 대통령이 ‘안전하고 신뢰할 수 있는 AI 개발과 사용에 관한 행정명령’에 서명하고\n광범위한 행정 조치를 명시\nn 행정명령은 △AI의 안전과 보안 기준 마련 △개인정보보호 △']","President Biden has signed an executive order on the development and use of safe and reliable AI, which outlines extensive administrative measures. The executive order includes provisions for establishing safety and security standards for AI, as well as addressing privacy concerns.",AI Safety Advocate,WEB_SEARCH_LIKE,LONG,single_hop_specific_query_synthesizer
How does the recent AI executive order address issues related to 주택?,"['형평성과 시민권 향상 △소비자\n보호 △노동자 지원 △혁신과 경쟁 촉진 △국제협력을 골자로 함\n£바이든 대통령, AI 행정명령 통해 안전하고 신뢰할 수 있는 AI 개발과 활용 추진\nn 미국 바이든 대통령이 2023년 10월 30일 연방정부 차원에서 안전하고 신뢰할 수 있는 AI 개발과\n사용을 보장하기 위한 행정명령을 발표\n∙ 행정명령은 △AI의 안전과 보안 기준 마련 △개인정보보호 △형평성과 시민권 향상 △소비자 보호\n△노동자 지원 △혁신과 경쟁 촉진 △국제협력에 관한 내용을 포괄\nn (AI 안전과 보안 기준) 강력한 AI 시스템을 개발하는 기업에게 안전 테스트 결과와 시스템에 관한\n주요 정보를 미국 정부와 공유할 것을 요구하고, AI 시스템의 안전성과 신뢰성 확인을 위한 표준 및\nAI 생성 콘텐츠 표시를 위한 표준과 모범사례 확립을 추진\n∙ △1026 플롭스(FLOPS, Floating Point Operation Per Second)를 초과하는 컴퓨팅 성능 또는 생물학적\n서열 데이터를 주로 사용하고 1023플롭스를 초과하는 컴퓨팅 성능을 사용하는 모델 △단일 데이터센터에서\n1,000Gbit/s 이상의 네트워킹으로 연결되며 AI 훈련에서 이론상 최대 1020 플롭스를 처리할 수 있는\n컴퓨팅 용량을 갖춘 컴퓨팅 클러스터가 정보공유 요구대상\nn (형평성과 시민권 향상) 법률, 주택, 보건 분야에서 AI의 무책임한 사용으로 인한 차별과 편견 및 기타\n문제를 방지하는 조치를 확대\n∙ 형사사법 시스템에서 AI 사용 모범사례를 개발하고, 주택 임대 시 AI 알고리즘 차별을 막기 위한 명확한\n지침을 제공하며, 보건복지 부문에서 책임 있는 AI 배포와 사용을 위한 전략을 마련\nn (']","The recent AI executive order includes measures to prevent discrimination and bias in the use of AI in various sectors, including housing. It aims to expand actions to mitigate irresponsible use of AI that could lead to discrimination in areas such as housing rentals, providing clear guidelines to prevent algorithmic bias.",Policy Analyst in Technology Ethics,WEB_SEARCH_LIKE,MEDIUM,single_hop_specific_query_synthesizer
What measures are included in the AI executive order announced by President Biden?,"['혁신과 경쟁 촉진 △국제협력을 골자로 함 £바이든 대통령, AI 행정명령 통해 안전하고 신뢰할 수 있는 AI 개발과 활용 추진 n 미국 바이든 대통령이 2023년 10월 30일 연방정부 차원에서 안전하고 신뢰할 수 있는 AI 개발과 사용을 보장하기 위한 행정명령을 발표 ∙ 행정명령은 △AI의 안전과 보안 기준 마련 △개인정보보호 △형평성과 시민권 향상 △소비자 보호 △노동자 지원 △혁신과 경쟁 촉진 △국제협력에 관한 내용을 포괄 n (AI 안전과 보안 기준) 강력한 AI 시스템을 개발하는 기업에게 안전 테스트 결과와 시스템에 관한 주요 정보를 미국 정부와 공유할 것을 요구하고, AI 시스템의 안전성과 신뢰성 확인을 위한 표준 및 AI 생성 콘텐츠 표시를 위한 표준과 모범사례 확립을 추진 ∙ △1026 플롭스(FLOPS, Floating Point Operation Per Second)를 초과하는 컴퓨팅 성능 또는 생물학적 서열 데이터를 주로 사용하고 1023플롭스를 초과하는 컴퓨팅 성능을 사용하는 모델 △단일 데이터센터에서 1,000Gbit/s 이상의 네트워킹으로 연결되며 AI 훈련에서 이론상 최대 1020 플롭스를 처리할 수 있는 컴퓨팅 용량을 갖춘 컴퓨팅 클러스터가 정보공유 요구대상 n (형평성과 시민권 향상) 법률, 주택, 보건 분야에서 AI의 무책임한 사용으로 인한 차별과 편견 및 기타 문제를 방지하는 조치를 확대 ∙ 형사사법 시스템에서 AI 사용 모범사례를 개발하고, 주택 임대 시 AI 알고리즘 차별을 막기 위한 명확한 지침을 제공하며, 보건복지 부문에서 책임 있는 AI 배포와 사용을 위한 전략을 마련 n (소비자 보호와 근로자 지원) 의료 분야에서 책임 있는 AI 사용을 촉진하고 맞춤형 개인교습 등 학교 내 AI 교육 도구 관련 자원을 개발하며, AI로 인한 근로자 피해를 완화하고 이점을 극대화하는 원칙과 모범사례를 마련 n (혁신과 경쟁 촉진) 국가AI연구자원(National Artificial Intelligence Research Resource, NAIRR)*을 통해 미국 전역의 AI 연구를 촉진하고, 중소기업과 개발자에 기술과 인프라를 지원 * 국가 차원에서 AI 연구 인프라를 확충해 더 많은 AI 연구자에게 인프라를 지원하는 프로그램 ∙ 비자 기준과 인터뷰 절차의 현대화와 간소화로 AI 관련 주요']","The AI executive order announced by President Biden includes measures for establishing safety and security standards for AI, enhancing privacy, promoting equity and civil rights, protecting consumers, supporting workers, fostering innovation and competition, and encouraging international cooperation.",Policy Analyst in Technology Ethics,PERFECT_GRAMMAR,SHORT,single_hop_specific_query_synthesizer
What is the focus of E.O. 14110 regarding AI technologies?,"['분야의 전문 지식을 갖춘 외국인들이 미국에서 공부하고 취업할 수 있도록 지원 ☞ 출처 : The White House, Executive Order on the Safe, Secure, and Trustworthy Development and Use of Artificial Intelligence (E.O. 14110), 2023.10.30.']","E.O. 14110 is focused on the safe, secure, and trustworthy development and use of artificial intelligence, supporting foreign experts with specialized knowledge to study and work in the United States.",Policy Analyst in Technology Ethics,WEB_SEARCH_LIKE,MEDIUM,single_hop_specific_query_synthesizer
What role did Japan play in the G7's establishment of the International Code of Conduct for Advanced AI Systems?,"['G7, 첨단 AI 시스템의 위험 관리를 위한 국제 행동강령 마련 n 주요 7개국(G7)*은 2023년 10월 30일 ‘히로시마 AI 프로세스’를 통해 AI 기업 대상의 AI 국제 행동강령(International Code of Conduct for Advanced AI Systems)에 합의 ∙ G7은 2023년 5월 일본 히로시마에서 개최된 정상회의에서 생성 AI에 관한 국제규범 마련과 정보공유를 위해 ‘히로시마 AI 프로세스’를 출범** ∙ 기업의 자발적 채택을 위해 마련된 이번 행동강령은 기반모델과 생성 AI를 포함한 첨단 AI 시스템의 위험 식별과 완화에 필요한 조치를 포함 * 주요 7개국(G7)은 미국, 일본, 독일, 영국, 프랑스, 이탈리아, 캐나다를 의미 ** 5월 정상회의에는 한국, 호주, 베트남 등을 포함한 8개국이 초청을 받았으나, AI 국제 행동강령에는 우선 G7 국가만 포함하여 채택 n G7은 행동강령을 통해 아래의 조치를 제시했으며, 빠르게 발전하는 기술에 대응할 수 있도록 이해관계자 협의를 통해 필요에 따라 개정할 예정 ∙ 첨단 AI 시스템의 개발 과정에서 AI 수명주기 전반에 걸쳐 위험을 평가 및 완화하는 조치를 채택하고, 첨단 AI 시스템의 출시와 배포 이후 취약점과 오용 사고, 오용 유형을 파악해 완화 ∙ 첨단 AI 시스템의 성능과 한계를 공개하고 적절하거나 부적절한 사용영역을 알리는 방법으로 투명성을 보장하고 책임성을 강화 ∙ 산업계, 정부, 시민사회, 학계를 포함해 첨단 AI 시스템을 개발하는 조직 간 정보공유와 사고 발생 시 신고를 위해 협력하고, 위험 기반 접근방식을 토대로 개인정보보호 정책과 위험 완화 조치를 포함하는 AI 거버넌스와 위험 관리 정책을 마련 ∙ AI 수명주기 전반에 걸쳐 물리보안, 사이버보안, 내부자 위협 보안을 포함한 강력한 보안 통제 구현 ∙ 사용자가 AI 생성 콘텐츠를 식별할 수 있도록 워터마크를 비롯하여 기술적으로 가능한 기법으로 신뢰할 수 있는 콘텐츠 인증과 출처 확인 메커니즘을 개발 및 구축 ∙ 사회적 위험과 안전·보안 문제를 완화하는 연구와 효과적인 완화 대책에 우선 투자하고, 기후 위기 대응, 세계 보건과 교육 등 세계적']",Japan was one of the major seven countries (G7) that agreed on the International Code of Conduct for Advanced AI Systems during the G7 summit held in Hiroshima in May 2023. This summit initiated the 'Hiroshima AI Process' aimed at establishing international norms for generative AI and facilitating information sharing among nations.,Policy Analyst in Technology Ethics,WEB_SEARCH_LIKE,LONG,single_hop_specific_query_synthesizer
"What are the implications of Samsung's on-device AI model 'Samsung Gauss' being introduced in 2024, particularly in relation to YouTube's new policy on AI-generated content labeling?","['<1-hop>\n\nKEY Contents n 삼성전자가 온디바이스에서 작동 가능하며 언어, 코드, 이미지의 3개 모델로 구성된 자체 개발 생성 AI 모델 ‘삼성 가우스’를 공개 n 삼성전자는 삼성 가우스를 다양한 제품에 단계적으로 탑재할 계획으로, 온디바이스 작동이 가능한 삼성 가우스는 외부로 사용자 정보가 유출될 위험이 없다는 장점을 보유 £언어, 코드, 이미지의 3개 모델로 구성된 삼성 가우스, 온디바이스 작동 지원 n 삼성전자가 2023년 11월 8일 열린 ‘삼성 AI 포럼 2023’ 행사에서 자체 개발한 생성 AI 모델 ‘삼성 가우스’를 최초 공개 ∙ 정규분포 이론을 정립한 천재 수학자 가우스(Gauss)의 이름을 본뜬 삼성 가우스는 다양한 상황에 최적화된 크기의 모델 선택이 가능 ∙ 삼성 가우스는 라이선스나 개인정보를 침해하지 않는 안전한 데이터를 통해 학습되었으며, 온디바이스에서 작동하도록 설계되어 외부로 사용자의 정보가 유출되지 않는 장점을 보유 ∙ 삼성전자는 삼성 가우스를 활용한 온디바이스 AI 기술도 소개했으며, 생성 AI 모델을 다양한 제품에 단계적으로 탑재할 계획 n 삼성 가우스는 △텍스트를 생성하는 언어모델 △코드를 생성하는 코드 모델 △이미지를 생성하는 이미지 모델의 3개 모델로 구성 ∙ 언어 모델은 클라우드와 온디바이스 대상 다양한 모델로 구성되며, 메일 작성, 문서 요약, 번역 업무의 처리를 지원 ∙ 코드 모델 기반의 AI 코딩 어시스턴트 ‘코드아이(code.i)’는 대화형 인터페이스로 서비스를 제공하며 사내 소프트웨어 개발에 최적화 ∙ 이미지 모델은 창의적인 이미지를 생성하고 기존 이미지를 원하는 대로 바꿀 수 있도록 지원하며 저해상도 이미지의 고해상도 전환도 지원 n IT 전문지 테크리퍼블릭(TechRepublic)은 온디바이스 AI가 주요 기술 트렌드로 부상했다며, 2024년부터 가우스를 탑재한 삼성 스마트폰이 메타의 라마(Llama)2를 탑재한 퀄컴 기기 및 구글 어시스턴트를 적용한 구글 픽셀(Pixel)과 경쟁할 것으로 예상 ☞ 출처 : 삼성전자, ‘삼성 AI 포럼’서 자체 개발 생성형 AI ‘삼성 가우스’ 공개, 2023.11.08. 삼성전자, ‘삼성 개발자 콘퍼런스 코리아 2023’ 개최, 2023.11.14. TechRepublic, Samsung Gauss: Samsung Research', '<2-hop>\n\nSPRi AI Brief |\n2023-12월호\n 유튜브, 2024년부터 AI 생성 콘텐츠 표시 의무화\nKEY Contents\nn 유튜브가 몇 달 안에 생성 AI를 사용한 콘텐츠에 AI 라벨 표시를 의무화하기로 했으며, 이를\n준수하지 않는 콘텐츠는 삭제하고 크리에이터에 대한 수익 배분도 중단할 수 있다고 설명\nn 유튜브는 AI 생성 콘텐츠가 신원 파악이 가능한 개인을 모방한 경우 개인정보 침해 신고\n절차에 따라 콘텐츠 삭제 요청도 받을 계획\n£']","The introduction of Samsung's on-device AI model 'Samsung Gauss' in 2024 is significant as it allows for the safe and ethical use of AI technologies, minimizing the risk of user data leakage. This aligns with YouTube's new policy, which mandates the labeling of AI-generated content to ensure transparency and accountability. As Samsung Gauss is designed to operate without external data exposure, it may provide a model for compliance with YouTube's regulations, particularly in preventing privacy violations when AI-generated content mimics identifiable individuals. Thus, both developments reflect a growing emphasis on ethical standards in AI technology.",,,,multi_hop_specific_query_synthesizer
"What significant developments in AI technology were announced by Samsung on November 8, 2023, and how do these compare to Google's recent investments in Anthropic?","['<1-hop>\n\nKEY Contents n 삼성전자가 온디바이스에서 작동 가능하며 언어, 코드, 이미지의 3개 모델로 구성된 자체 개발 생성 AI 모델 ‘삼성 가우스’를 공개 n 삼성전자는 삼성 가우스를 다양한 제품에 단계적으로 탑재할 계획으로, 온디바이스 작동이 가능한 삼성 가우스는 외부로 사용자 정보가 유출될 위험이 없다는 장점을 보유 £언어, 코드, 이미지의 3개 모델로 구성된 삼성 가우스, 온디바이스 작동 지원 n 삼성전자가 2023년 11월 8일 열린 ‘삼성 AI 포럼 2023’ 행사에서 자체 개발한 생성 AI 모델 ‘삼성 가우스’를 최초 공개 ∙ 정규분포 이론을 정립한 천재 수학자 가우스(Gauss)의 이름을 본뜬 삼성 가우스는 다양한 상황에 최적화된 크기의 모델 선택이 가능 ∙ 삼성 가우스는 라이선스나 개인정보를 침해하지 않는 안전한 데이터를 통해 학습되었으며, 온디바이스에서 작동하도록 설계되어 외부로 사용자의 정보가 유출되지 않는 장점을 보유 ∙ 삼성전자는 삼성 가우스를 활용한 온디바이스 AI 기술도 소개했으며, 생성 AI 모델을 다양한 제품에 단계적으로 탑재할 계획 n 삼성 가우스는 △텍스트를 생성하는 언어모델 △코드를 생성하는 코드 모델 △이미지를 생성하는 이미지 모델의 3개 모델로 구성 ∙ 언어 모델은 클라우드와 온디바이스 대상 다양한 모델로 구성되며, 메일 작성, 문서 요약, 번역 업무의 처리를 지원 ∙ 코드 모델 기반의 AI 코딩 어시스턴트 ‘코드아이(code.i)’는 대화형 인터페이스로 서비스를 제공하며 사내 소프트웨어 개발에 최적화 ∙ 이미지 모델은 창의적인 이미지를 생성하고 기존 이미지를 원하는 대로 바꿀 수 있도록 지원하며 저해상도 이미지의 고해상도 전환도 지원 n IT 전문지 테크리퍼블릭(TechRepublic)은 온디바이스 AI가 주요 기술 트렌드로 부상했다며, 2024년부터 가우스를 탑재한 삼성 스마트폰이 메타의 라마(Llama)2를 탑재한 퀄컴 기기 및 구글 어시스턴트를 적용한 구글 픽셀(Pixel)과 경쟁할 것으로 예상 ☞ 출처 : 삼성전자, ‘삼성 AI 포럼’서 자체 개발 생성형 AI ‘삼성 가우스’ 공개, 2023.11.08. 삼성전자, ‘삼성 개발자 콘퍼런스 코리아 2023’ 개최, 2023.11.14. TechRepublic, Samsung Gauss: Samsung Research', '<2-hop>\n\n구글, 앤스로픽에 최대 20억 달러 투자 합의 및 클라우드 서비스 제공\nn 구글이 2023년 10월 27일 앤스로픽에 최대 20억 달러를 투자하기로 합의했으며, 이 중 5억\n달러를 우선 투자하고 향후 15억 달러를 추가로 투자할 방침\n∙ 구글은 2023년 2월 앤스로픽에 이미 5억 5,000만 달러를 투자한 바 있으며, 아마존도 지난 9월\n앤스로픽에 최대 40억 달러의 투자 계획을 공개\n∙ 한편, 2023년 11월 8일 블룸버그 보도에 따르면 앤스로픽은 구글의 클라우드 서비스 사용을 위해\n4년간 30억 달러 규모의 계약을 체결\n∙ 오픈AI 창업자 그룹의 일원이었던 다리오(Dario Amodei)와 다니엘라 아모데이(Daniela Amodei)\n남매가 2021년 설립한 앤스로픽은 챗GPT의 대항마 ‘클로드(Claude)’ LLM을 개발\nn 아마존과 구글의 앤스로픽 투자에 앞서, 마이크로소프트는 차세대 AI 모델의 대표 주자인 오픈\nAI와 협력을 확대\n∙ 마이크로소프트는 오픈AI에 앞서 투자한 30억 달러에 더해 2023년 1월 추가로 100억 달러를\n투자하기로 하면서 오픈AI의 지분 49%를 확보했으며, 오픈AI는 마이크로소프트의 애저(Azure)\n클라우드 플랫폼을 사용해 AI 모델을 훈련\n£']","On November 8, 2023, during the 'Samsung AI Forum 2023', Samsung unveiled its self-developed generative AI model named 'Samsung Gauss', which operates on-device and consists of three models for language, code, and image generation. This model is designed to ensure user data security by preventing information leakage, as it operates entirely on-device. Samsung plans to gradually integrate Gauss into various products, highlighting its capabilities in text generation, coding assistance through the 'code.i' interface, and image creation. In contrast, on October 27, 2023, Google agreed to invest up to $2 billion in Anthropic, with an initial investment of $500 million, and a subsequent $1.5 billion planned. Anthropic, founded by former OpenAI members, is developing the Claude LLM as a competitor to ChatGPT. Additionally, on November 8, 2023, it was reported that Anthropic signed a $3 billion contract with Google for cloud services. These developments indicate a competitive landscape in AI technology, with Samsung focusing on on-device solutions for enhanced privacy, while Google is heavily investing in cloud-based AI capabilities through Anthropic.",,,,multi_hop_specific_query_synthesizer
What are the implications of the launch of the Data Provenance Explorer platform by Cohere on data transparency and legal frameworks as discussed on 2023년 10월 25일?,"['<1-hop>\n\n데이터 출처 탐색기, 광범위한 데이터셋 정보 제공을 통해 데이터 투명성 향상\nn AI 기업 코히어(Cohere)가 매사추세츠 공과⼤(MIT), 하버드⼤ 로스쿨, 카네기멜론⼤ 등 12개 기관과\n함께 2023년 10월 25일 ‘데이터 출처 탐색기(Data Provenance Explorer)’ 플랫폼을 공개\n∙ AI 모델 훈련에 사용되는 데이터셋의 불분명한 출처로 인해 데이터 투명성이 확보되지 않아 다양한\n법적·윤리적 문제가 발생\n∙ 이에 연구진은 가장 널리 사용되는 2,000여 개의 미세조정 데이터셋을 감사 및 추적하여 데이터셋에\n원본 데이터소스에 대한 태그, 재라이선스(Relicensing) 상태, 작성자, 기타 데이터 속성을 지정하고\n이러한 정보에 접근할 수 있는 플랫폼을 출시\n∙ 대화형 플랫폼 형태의 데이터 출처 탐색기를 통해 데이터셋의 라이선스 상태를 쉽게 파악할 수 있으며,\n주요 데이터셋의 구성과 데이터 계보도 추적 가능\nn 연구진은 오픈소스 데이터셋에 대한 광범위한 감사를 통해 데이터 투명성에 영향을 미치는 주요\n요인을 발견\n∙ 깃허브(GitHub), 페이퍼위드코드(Papers with Code)와 같은 크라우드소싱 플랫폼에서 수집한\n데이터로 훈련된 오픈소스 LLM에서는 데이터 라이선스의 누락 비율이 72~83%에 달함\n∙ 또한 크라우드소싱 플랫폼이 할당한 라이선스는 데이터셋 원저작자의 의도보다 더 광범위한 사용을\n허용한 경우가 상당수\n∙ 데이터 생태계 분석 결과, 부정확하거나 모호한 라이선스 문서화 등 데이터 출처 입증과 관련된 관행\n전반에서 구조적 문제가 드러남\nn 연구진은 데이터 출처 탐색기만으로는 해결이 어려운 법적 이슈도 존재한다며 일관된 법적 프레임\n워크의 필요성을 제기\n∙ 일례로 데이터를 수집한 지역, 모델 훈련 지역, 모델 배포 지역마다 규제가 다르면 어떤 법률을\n적용해야 하는지 실무자의 판단이 어려울 수 있으며, 서로 다른 라이선스를 적용받는 개별 데이터셋을\n하나로 통합해 사용하는 경우에도 각각의 라이선스 조건 준수에 어려움이 발생\n☞ 출처 : Cohere, Data Provenance Explorer Launches to Tackle Data Transparency Crisis, 2023.10.25.\n8\n']","The launch of the Data Provenance Explorer platform by Cohere on 2023년 10월 25일 aims to enhance data transparency by providing clear information about the sources of datasets used in AI model training. This platform addresses the legal and ethical issues arising from the unclear origins of datasets, which can lead to various problems. The researchers conducted audits on over 2,000 widely used fine-tuning datasets, tagging them with information about original data sources, relicensing status, authorship, and other attributes. However, they also highlighted that there are legal issues that the platform alone cannot resolve, emphasizing the need for a consistent legal framework. For instance, varying regulations based on the regions where data is collected, models are trained, and models are deployed can complicate compliance with different licensing conditions when integrating datasets.",,,,multi_hop_specific_query_synthesizer
"영국 과학혁신기술부가 설립한 AI 안전 연구소의 목표는 무엇이며, AI 안전성 정상회의에서 28개국이 어떤 공동 대응을 선언했는가?","['<1-hop>\n\n1. 정책/법제 2. 기업/산업 3. 기술/연구 4. 인력/교육\n 영국 과학혁신기술부, AI 안전 연구소 설립 발표\nKEY Contents\nn 영국 과학혁신기술부가 첨단 AI 시스템에 대한 평가를 통해 안전성을 보장하기 위한 AI\n안전 연구소를 설립한다고 발표\nn AI 안전 연구소는 핵심 기능으로  첨단 AI 시스템 평가 개발과 시행,  AI 안전 연구 촉진,\n정보교류 활성화를 추진할 계획\n£영국 AI 안전 연구소, 첨단 AI 시스템 평가와 AI 안전 연구, 정보 교류 추진\nn 영국 과학혁신기술부가 2023년 11월 2일 첨단 AI 안전에 중점을 둔 국가 연구기관으로 AI\n안전 연구소(AI Safety Institute)를 설립한다고 발표\n∙ AI 안전 연구소는 첨단 AI의 위험을 이해하고 거버넌스 마련에 필요한 사회·기술적 인프라 개발을 통해\n영국을 AI 안전 연구의 글로벌 허브로 확립하는 것을 목표로 함\n∙ 영국 정부는 향후 10년간 연구소에 공공자금을 투자해 연구를 지원할 계획으로, 연구소는 △첨단 AI 시스템\n평가 개발과 시행 △AI 안전 연구 촉진 △', '<2-hop>\n\n1. 정책/법제 2. 기업/산업 3. 기술/연구 4. 인력/교육\n 영국 AI 안전성 정상회의에 참가한 28개국, AI 위험에 공동 대응 선언\n']","영국 과학혁신기술부가 설립한 AI 안전 연구소의 목표는 첨단 AI의 위험을 이해하고 거버넌스 마련에 필요한 사회·기술적 인프라 개발을 통해 영국을 AI 안전 연구의 글로벌 허브로 확립하는 것입니다. 또한, AI 안전성 정상회의에 참가한 28개국은 AI 위험에 공동 대응을 선언하였습니다.",,,,multi_hop_abstract_query_synthesizer
"What initiatives are being taken by the UK government to ensure AI safety, and how do these relate to the international response to AI risks as declared by the 28 countries at the AI safety summit?","['<1-hop>\n\n1. 정책/법제 2. 기업/산업 3. 기술/연구 4. 인력/교육\n 영국 과학혁신기술부, AI 안전 연구소 설립 발표\nKEY Contents\nn 영국 과학혁신기술부가 첨단 AI 시스템에 대한 평가를 통해 안전성을 보장하기 위한 AI\n안전 연구소를 설립한다고 발표\nn AI 안전 연구소는 핵심 기능으로  첨단 AI 시스템 평가 개발과 시행,  AI 안전 연구 촉진,\n정보교류 활성화를 추진할 계획\n£영국 AI 안전 연구소, 첨단 AI 시스템 평가와 AI 안전 연구, 정보 교류 추진\nn 영국 과학혁신기술부가 2023년 11월 2일 첨단 AI 안전에 중점을 둔 국가 연구기관으로 AI\n안전 연구소(AI Safety Institute)를 설립한다고 발표\n∙ AI 안전 연구소는 첨단 AI의 위험을 이해하고 거버넌스 마련에 필요한 사회·기술적 인프라 개발을 통해\n영국을 AI 안전 연구의 글로벌 허브로 확립하는 것을 목표로 함\n∙ 영국 정부는 향후 10년간 연구소에 공공자금을 투자해 연구를 지원할 계획으로, 연구소는 △첨단 AI 시스템\n평가 개발과 시행 △AI 안전 연구 촉진 △', '<2-hop>\n\n1. 정책/법제 2. 기업/산업 3. 기술/연구 4. 인력/교육\n 영국 AI 안전성 정상회의에 참가한 28개국, AI 위험에 공동 대응 선언\n']","The UK government is establishing the AI Safety Institute to ensure AI safety through the evaluation and development of advanced AI systems. This initiative aims to make the UK a global hub for AI safety research by understanding the risks associated with advanced AI and developing the necessary socio-technical infrastructure. Additionally, at the AI safety summit, 28 countries declared a joint response to AI risks, highlighting the importance of international collaboration in addressing the challenges posed by AI technologies.",,,,multi_hop_abstract_query_synthesizer
영국 AI 안전 연구소는 어떻게 국제 협력을 통해 AI 안전성을 보장하려고 하나?,"['<1-hop>\n\n1. 정책/법제 2. 기업/산업 3. 기술/연구 4. 인력/교육\n 영국 과학혁신기술부, AI 안전 연구소 설립 발표\nKEY Contents\nn 영국 과학혁신기술부가 첨단 AI 시스템에 대한 평가를 통해 안전성을 보장하기 위한 AI\n안전 연구소를 설립한다고 발표\nn AI 안전 연구소는 핵심 기능으로  첨단 AI 시스템 평가 개발과 시행,  AI 안전 연구 촉진,\n정보교류 활성화를 추진할 계획\n£영국 AI 안전 연구소, 첨단 AI 시스템 평가와 AI 안전 연구, 정보 교류 추진\nn 영국 과학혁신기술부가 2023년 11월 2일 첨단 AI 안전에 중점을 둔 국가 연구기관으로 AI\n안전 연구소(AI Safety Institute)를 설립한다고 발표\n∙ AI 안전 연구소는 첨단 AI의 위험을 이해하고 거버넌스 마련에 필요한 사회·기술적 인프라 개발을 통해\n영국을 AI 안전 연구의 글로벌 허브로 확립하는 것을 목표로 함\n∙ 영국 정부는 향후 10년간 연구소에 공공자금을 투자해 연구를 지원할 계획으로, 연구소는 △첨단 AI 시스템\n평가 개발과 시행 △AI 안전 연구 촉진 △', '<2-hop>\n\n1. 정책/법제 2. 기업/산업 3. 기술/연구 4. 인력/교육\n 영국 AI 안전성 정상회의에 참가한 28개국, AI 위험에 공동 대응 선언\n', '<3-hop>\n\nKEY Contents\nn 영국 블레츨리 파크에서 개최된 AI 안전성 정상회의에 참가한 28개국들이 AI 안전 보장을\n위한 협력 방안을 담은 블레츨리 선언을 발표\nn 첨단 AI를 개발하는 국가와 기업들은 AI 시스템에 대한 안전 테스트 계획에 합의했으며,\n영국의 AI 안전 연구소가 전 세계 국가와 협력해 테스트를 주도할 예정\n£AI 안전성 정상회의 참가국들, 블레츨리 선언 통해 AI 안전 보장을 위한 협력에 합의\nn 2023년 11월 1~2일 영국 블레츨리 파크에서 열린 AI 안전성 정상회의(AI Safety Summit)에\n참가한 28개국 대표들이 AI 위험 관리를 위한 ‘블레츨리 선언’을 발표\n∙ 선언은 AI 안전 보장을 위해 국가, 국제기구, 기업, 시민사회, 학계를 포함한 모든 이해관계자의 협력이\n중요하다고 강조했으며, 특히 최첨단 AI 시스템 개발 기업은 안전 평가를 비롯한 적절한 조치를 취하여\nAI 시스템의 안전을 보장할 책임이 있다고 지적\n∙ 각국은 AI 안전 보장을 위해 첨단 AI 개발기업의 투명성 향상, 적절한 평가지표와 안전 테스트 도구\n개발, 공공부문 역량 구축과 과학 연구개발 등의 분야에서 협력하기로 합의\n£']","영국 AI 안전 연구소는 AI 안전성 정상회의에 참가한 28개국과 협력하여 AI 시스템에 대한 안전 테스트 계획에 합의하고, 블레츨리 선언을 통해 AI 안전 보장을 위한 협력 방안을 마련하고 있다. 이 연구소는 전 세계 국가와 협력하여 AI 시스템의 안전성을 평가하고, 각국은 AI 개발기업의 투명성 향상과 적절한 평가지표 및 안전 테스트 도구 개발을 위해 협력하기로 합의하였다.",,,,multi_hop_abstract_query_synthesizer
